run,poll,timestamp_utc,keyvault,storage,servicebus
1,1,2026-04-11T16:50:08.682578+00:00,success,fail,fail
1,2,2026-04-11T16:50:28.347956+00:00,success,fail,fail
1,3,2026-04-11T16:50:51.679542+00:00,success,fail,fail
1,4,2026-04-11T16:51:08.324218+00:00,success,fail,fail
1,5,2026-04-11T16:51:25.024854+00:00,success,success,fail
1,6,2026-04-11T16:51:42.319334+00:00,success,success,fail
1,7,2026-04-11T16:51:59.070554+00:00,success,success,fail
1,8,2026-04-11T16:52:15.752379+00:00,success,success,fail
1,9,2026-04-11T16:52:33.137483+00:00,success,success,fail
1,10,2026-04-11T16:52:49.882612+00:00,success,success,fail
1,11,2026-04-11T16:53:06.827723+00:00,success,success,fail
1,12,2026-04-11T16:53:23.576133+00:00,success,success,fail
1,13,2026-04-11T16:53:40.143180+00:00,success,success,fail
1,14,2026-04-11T16:53:57.124088+00:00,success,success,fail
1,15,2026-04-11T16:54:13.674610+00:00,success,success,fail
1,16,2026-04-11T16:54:30.502298+00:00,success,success,success
2,1,2026-04-11T16:58:02.151807+00:00,success,fail,success
2,2,2026-04-11T16:58:19.465293+00:00,success,fail,success
2,3,2026-04-11T16:58:36.049986+00:00,success,fail,success
2,4,2026-04-11T16:58:53.082615+00:00,success,fail,success
2,5,2026-04-11T16:59:09.865114+00:00,success,success,success
3,1,2026-04-11T17:01:38.728124+00:00,success,fail,fail
3,2,2026-04-11T17:02:00.676311+00:00,success,success,fail
3,3,2026-04-11T17:02:18.626894+00:00,success,success,fail
3,4,2026-04-11T17:02:36.634298+00:00,success,success,fail
3,5,2026-04-11T17:02:53.734153+00:00,success,success,fail
3,6,2026-04-11T17:03:10.524470+00:00,success,success,fail
3,7,2026-04-11T17:03:27.117146+00:00,success,success,fail
3,8,2026-04-11T17:03:43.660915+00:00,success,success,fail
3,9,2026-04-11T17:04:00.525933+00:00,success,success,fail
3,10,2026-04-11T17:04:17.050484+00:00,success,success,fail
3,11,2026-04-11T17:04:33.649860+00:00,success,success,fail
3,12,2026-04-11T17:04:50.219467+00:00,success,success,fail
3,13,2026-04-11T17:05:06.736264+00:00,success,success,fail
3,14,2026-04-11T17:05:23.308574+00:00,success,success,fail
3,15,2026-04-11T17:05:40.163943+00:00,success,success,fail
3,16,2026-04-11T17:05:57.312310+00:00,success,success,fail
3,17,2026-04-11T17:06:13.888869+00:00,success,success,fail
3,18,2026-04-11T17:06:30.463458+00:00,success,success,success
4,1,2026-04-11T17:10:05.054328+00:00,success,fail,success
4,2,2026-04-11T17:10:31.167495+00:00,success,fail,success
4,3,2026-04-11T17:10:48.065983+00:00,success,fail,success
4,4,2026-04-11T17:11:05.271167+00:00,success,fail,success
4,5,2026-04-11T17:11:22.313761+00:00,success,fail,success
4,6,2026-04-11T17:11:38.954323+00:00,success,success,success
5,1,2026-04-11T17:15:08.983388+00:00,success,fail,success
5,2,2026-04-11T17:15:30.869964+00:00,success,fail,success
5,3,2026-04-11T17:15:47.535066+00:00,success,fail,success
5,4,2026-04-11T17:16:04.676691+00:00,success,success,success
